dataset,count,mean,median,std,min,max,ci95_low,ci95_high,boot_ci95_low,boot_ci95_high
P1_Day1_FCM_closed_caption,6,0.339168787657722,0.31303083425958433,0.0692642725636237,0.2763157894736842,0.4291907514450867,0.2664803914579857,0.41185718385745834,0.2901991450433668,0.3885180625757141
P2_Day1_FCM_closed_caption,6,0.3626159557289336,0.3246062519301376,0.10620345958642764,0.2675921493537577,0.5021097046413502,0.25116226015868365,0.4740696512991836,0.2890661337612984,0.43955383238375734
P3_Day1_FCM_closed_caption,6,0.3521096599164679,0.3633875087519124,0.07685119183761831,0.2266275085658345,0.4218009478672986,0.2714592802335879,0.43276003959934795,0.2906408099000506,0.4018302133181899
P4_Day1_FCM_closed_caption,6,0.3340189193077188,0.32889216958711265,0.0768328819624824,0.24953095684803,0.445107398568019,0.25338775466036845,0.4146500839550692,0.27882006016461947,0.38948133753319203
P5_Day1_FCM_closed_caption,6,0.2631979043719206,0.2330784284189725,0.06367951815793858,0.2092502797463633,0.3661971830985915,0.19637034848557638,0.3300254602582648,0.22124493603435322,0.3120810626591581
