model,count,mean,median,std,min,max,ci95_low,ci95_high,boot_ci95_low,boot_ci95_high
gemini-1.5-flash,5,0.4079042940894725,0.4218009478672986,0.05941307759136023,0.3181818181818181,0.4817813765182186,0.3341332146217935,0.48167537355715145,0.3599242974918257,0.4523179043732798
gemini-2.0-flash,5,0.4290800926840276,0.4291907514450867,0.05058496575075184,0.3661971830985915,0.5021097046413502,0.3662705618609485,0.4918896235071067,0.39343519379529,0.47084638763183195
gpt-4.1,5,0.31579746013829213,0.3138195777351247,0.07790149963883015,0.2325949367088607,0.4188034188034188,0.21906997263067302,0.41252494764591124,0.25561427296978123,0.37598064730680303
gpt-4.1-mini,5,0.29144467213094416,0.2849740932642487,0.0421132805975546,0.2335619201290843,0.3437204910292729,0.23915412776670741,0.3437352164951809,0.2592142417358442,0.3236649516125992
gpt-4o,5,0.2854255919731704,0.312242090784044,0.047818393686491975,0.2092502797463633,0.3239795918367346,0.22605121408071904,0.3447999698656218,0.24386451608591644,0.3176657941494836
gpt-5,5,0.25168136136340874,0.2572463768115942,0.027630802186191347,0.2194012883668056,0.2801316330728095,0.21737318904732503,0.2859895336794925,0.23050452477949276,0.2735019285914427
