model,count,mean,median,std,min,max,ci95_low,ci95_high,boot_ci95_low,boot_ci95_high
gemini-1.5-flash,22,0.4407438279457066,0.44697072984251485,0.07376676330794499,0.2967032967032967,0.5540796963946869,0.4080374773552153,0.4734501785361979,0.41118493972870507,0.4706656155574587
gemini-2.0-flash,22,0.36417231752296214,0.36465327251294144,0.11701589953581021,0.064516129032258,0.6339434276206323,0.3122903741753445,0.4160542608705798,0.3152035994517804,0.41009017940226117
gpt-4.1,22,0.3190720411767185,0.3468940381026165,0.1574731390040506,0.0,0.5647193585337915,0.2492523627484942,0.38889171960494284,0.25345714730055524,0.38036435689903464
gpt-4.1-mini,22,0.4080489531414757,0.4177451523898734,0.09160307152928755,0.1965811965811965,0.5732298739088264,0.36743442651387115,0.4486634797690803,0.37090672888610393,0.4447321499125345
gpt-4o,22,0.36708476033255283,0.3752764612954186,0.11823009607257016,0.054054054054054,0.5353982300884955,0.3146644723994306,0.4195050482656751,0.3179486992494278,0.4143233782091979
gpt-5,22,0.32143721934458824,0.3418398364098596,0.1462498781375646,0.0,0.524822695035461,0.256593656014914,0.38628078267426247,0.25995769878084274,0.3773895702399946
