model,count,mean,median,std,min,max,ci95_low,ci95_high,boot_ci95_low,boot_ci95_high
gemini-1.5-flash,48,0.3656239130638508,0.37245558507296056,0.05828910644305408,0.2634207240948814,0.5229127432517262,0.34869852085997116,0.3825493052677304,0.349438294361313,0.3821782327765461
gemini-2.0-flash,46,0.2856688163074167,0.28857808857808853,0.06960251946798232,0.1420534458509142,0.4833524684270953,0.2649994194063666,0.30633821320846677,0.26608493253775417,0.30613984003417716
gpt-4.1,51,0.215111135657595,0.2171405026782035,0.053265770677635216,0.100177304964539,0.3484162895927601,0.2001298962419584,0.23009237507323158,0.20053507027371784,0.22968804970332624
gpt-4.1-mini,51,0.22170205445417532,0.2207186187587494,0.05001872331185661,0.1253101736972705,0.3450998606595448,0.20763406182651895,0.2357700470818317,0.20816113980405357,0.23545938507834221
gpt-4o,51,0.23659959548450876,0.2279909706546275,0.0534908071972545,0.1405680990531682,0.4154370034052214,0.22155506352781273,0.2516441274412048,0.22260608427332523,0.25146626709527026
gpt-5,51,0.19567250508224682,0.190775681341719,0.04879956284040887,0.1173664122137404,0.3813075910487056,0.18194740686269686,0.20939760330179677,0.18327940554348518,0.20961860094000617
