model,count,mean,median,std,min,max,ci95_low,ci95_high,boot_ci95_low,boot_ci95_high
gemini-1.5-flash,11,0.22968432047713708,0.2112091333679294,0.08700979392427115,0.1211146838156484,0.3882978723404255,0.1712303455481983,0.2881382954060759,0.18288645133906778,0.28092246411262184
gemini-2.0-flash,11,0.2811708478589337,0.2792792792792792,0.06132526509628971,0.1613857203210815,0.3461203138622493,0.23997197418306926,0.32236972153479815,0.2446602578285405,0.3142689733711775
gpt-4.1,11,0.23476485040434458,0.2315369261477046,0.08690108411050591,0.1038696537678207,0.3485051316376617,0.17638390772202728,0.2931457930866619,0.18480049523581685,0.28392774857161845
gpt-4.1-mini,11,0.27302055716692253,0.2699238342931451,0.06541173693682158,0.1439362148552244,0.358830146231721,0.22907635435348808,0.316964759980357,0.2342160169739142,0.3089306738005928
gpt-4o,11,0.27452847036128347,0.2906815020862309,0.06180672310042884,0.1385767790262172,0.3445692883895131,0.2330061487971528,0.31605079192541413,0.23769337015450806,0.3067236428705782
gpt-5,11,0.25190667024359215,0.2603365884063993,0.05339129722699842,0.1618108471537427,0.3298585256887564,0.21603790870800244,0.28777543177918186,0.22118242982005293,0.2812365855134588
