model,count,mean,median,std,min,max,ci95_low,ci95_high,boot_ci95_low,boot_ci95_high
gemini-1.5-flash,5,0.3987730427462263,0.3493819128171763,0.09085863202615196,0.327485380116959,0.5419847328244275,0.2859571504333097,0.5115889350591429,0.3364077246928635,0.47849602078934544
gemini-2.0-flash,5,0.15555482592557504,0.1586073500967117,0.021044425852207425,0.1350397175639894,0.1865357643758766,0.12942471998202046,0.18168493186912962,0.14043821174579277,0.17111780225384715
gpt-4.1,5,0.3230771895934574,0.3291642978965321,0.025899834896670783,0.2925571112748711,0.3537787513691128,0.2909182970428397,0.35523608214407504,0.30307428332422753,0.3430800958626873
gpt-4.1-mini,5,0.32752767054705845,0.3267651888341544,0.051111194488710154,0.2617830777967064,0.3805309734513274,0.2640647404452363,0.3909906006488806,0.28771332770904284,0.36734201338507405
gpt-4o,5,0.28606813896196914,0.2606060606060606,0.13230052924907468,0.1431451612903225,0.4826048171275647,0.12179533485008873,0.45034094307384953,0.1900116877045348,0.3983598214337184
gpt-5,5,0.28149905051717744,0.3571428571428571,0.14608987258655703,0.0327868852459016,0.3893129770992366,0.10010451522427422,0.46289358581008067,0.14532263776711934,0.3707739403098091
