model,count,mean,median,std,min,max,ci95_low,ci95_high,boot_ci95_low,boot_ci95_high
gpt-4.1,51,0.24063005907269025,0.2564102564102564,0.13458641247558584,0.0,0.4786729857819904,0.2027770205877905,0.27848309755759,0.203094140028739,0.2763815950492755
