dataset,best_model,best_F1
BD001,gpt-4.1-mini,0.6012269938650306
BD016,gemini-1.5-flash,0.5807644882860666
BD017,gemini-1.5-flash,0.5263157894736842
BD021,gpt-4.1-mini,0.4393139841688654
BD022,gemini-1.5-flash,0.6129837702871411
BD024,gemini-1.5-flash,0.5635430038510911
BD027,gemini-1.5-flash,0.4857768052516411
BD028,gemini-1.5-flash,0.6043656207366985
BD050,gemini-1.5-flash,0.5128205128205128
BD064,gemini-1.5-flash,0.4663820704375667
