model,count,mean,median,std,min,max,ci95_low,ci95_high,boot_ci95_low,boot_ci95_high
gemini-1.5-flash,10,0.5317561253635044,0.53264197816165,0.060892201601057606,0.4256410256410256,0.6129837702871411,0.48819646842735354,0.5753157822996552,0.4961394802209783,0.5670164153876247
gemini-2.0-flash,10,0.46420016544778875,0.4669310211495059,0.08286278910470883,0.3557168784029038,0.5723684210526316,0.4049236970122799,0.5234766338832976,0.4164450207032471,0.512335973331448
gpt-4.1,10,0.38609277753286486,0.4321031495154404,0.16947297366805325,0.0,0.5641025641025641,0.2648591154410429,0.5073264396246868,0.2778077465703648,0.4751448299948158
gpt-4.1-mini,10,0.45986770790456755,0.45487866696128,0.09395850000834136,0.3103448275862069,0.6012269938650306,0.3926538460472951,0.5270815697618401,0.40575934803411534,0.5160874398166312
gpt-4o,10,0.41304968499780453,0.4654773941932688,0.10838210769406269,0.1875,0.5422535211267606,0.3355177957732848,0.4905815742223243,0.3457669174700249,0.47295882268702594
gpt-5,10,0.3655266578946993,0.38762092965178774,0.17572809565945466,0.0,0.5619834710743802,0.2398183510885288,0.4912349647008698,0.25905975969817746,0.46249596873435606
