model,count,mean,median,std,min,max,ci95_low,ci95_high,boot_ci95_low,boot_ci95_high
gemini-1.5-flash,31,0.8454761001500377,0.8396946564885496,0.0680498031359731,0.6605504587155964,0.9655172413793104,0.8205152308415026,0.8704369694585729,0.8223852072920915,0.8691145369654162
gemini-2.0-flash,31,0.7865363422031141,0.7888888888888889,0.06305953829741948,0.6373626373626373,0.9066666666666666,0.7634059168152061,0.8096667675910221,0.764998702641514,0.8083943935099861
gpt-4.1,31,0.7768779052457485,0.7699530516431925,0.04428418518811279,0.6832740213523132,0.8793774319066148,0.7606343349784436,0.7931214755130535,0.7614447654180323,0.7921248097003912
gpt-4.1-mini,31,0.7686895428272934,0.7763713080168776,0.05128374516217604,0.6778242677824268,0.8582375478927203,0.7498785132334604,0.7875005724211264,0.7506161307914437,0.7866384239337441
gpt-4o,31,0.7254339589414077,0.734375,0.04209076462338571,0.6437768240343348,0.8304093567251462,0.7099949418326976,0.7408729760501178,0.7108347851198407,0.7403269995531935
gpt-5,31,0.8039735346482237,0.8145896656534954,0.04760722139981388,0.6844444444444444,0.8668730650154799,0.7865110648578435,0.821436004438604,0.7871040853234307,0.8200233781465321
