model,count,mean,median,std,min,max,ci95_low,ci95_high,boot_ci95_low,boot_ci95_high
gemini-1.5-flash,11,0.18989413528090318,0.1876484560570071,0.08136477830659325,0.0702947845804988,0.3207855973813421,0.13523253344592212,0.24455573711588424,0.1432633568632341,0.23624659490019884
gemini-2.0-flash,11,0.16896929212470196,0.1883519206939281,0.08069444267971355,0.0194220748460445,0.2804578904333605,0.11475802789150516,0.22318055635789877,0.12101832452901452,0.21248902519855484
gpt-4.1,11,0.10078081428504944,0.1,0.05141381080784532,0.0135635018495684,0.1878425510712506,0.0662405462023703,0.13532108236772858,0.07188993611795101,0.12995283784407427
gpt-4.1-mini,11,0.15344000635239585,0.1738148984198645,0.0613809506264109,0.0053501945525291,0.2387287509238728,0.11220372262836556,0.19467629007642615,0.11659847031350386,0.18548962843587938
gpt-4o,11,0.13030220755446714,0.1134564643799472,0.085975587223421,0.024390243902439,0.2821088053841839,0.07254302214101038,0.1880613929679239,0.08402045824355424,0.18055970516288208
gpt-5,11,0.1021165072245074,0.0832781091230395,0.07145602665716394,0.0,0.2229580573951435,0.05411169532511602,0.15012131912389876,0.06294081305454285,0.14406052284561954
