,Environmental Education Programs,Fisheries Management,Habitat & Conservation,Policy & Community Engagement,Species & Ecosystem Health,Telemetry & Monitoring,environmental education
Environmental Education Programs,0.0,0.6666666666666666,0.0,0.0,0.6666666666666666,0.3333333333333333,0.6666666666666666
Fisheries Management,0.3333333333333333,0.0,0.5,1.0,0.6666666666666666,0.8,0.0
Habitat & Conservation,0.0,0.6666666666666666,0.0,1.0,0.3333333333333333,0.6666666666666666,0.0
Policy & Community Engagement,0.0,0.6666666666666666,0.75,0.0,0.6666666666666666,0.75,0.3333333333333333
Species & Ecosystem Health,1.0,0.75,0.3333333333333333,0.75,0.0,0.6666666666666666,0.75
Telemetry & Monitoring,0.6666666666666666,1.0,1.0,0.75,1.0,0.0,0.0
environmental education,1.0,0.3333333333333333,0.25,0.0,0.75,0.3333333333333333,0.0
