,Ecological Concepts,Ecosystem Health,Environmental Stressors,Marine Ecosystems,Marine Management Networks,Marine Wildlife,Sea Life & Events,Species Conservation,Species Interactions
Ecological Concepts,0.0,0.0,0.0,1.0,0.0,1.0,0.0,1.0,0.0
Ecosystem Health,0.0,0.0,-0.5,0.0,0.0,0.0,0.0,0.3333333333333333,0.0
Environmental Stressors,-0.25,-0.5,0.0,0.0,1.0,0.0,0.0,1.0,0.0
Marine Ecosystems,1.0,0.8,-0.6666666666666666,0.0,0.6666666666666666,1.0,0.0,0.6666666666666666,1.0
Marine Management Networks,0.6666666666666666,0.5,-1.0,0.6666666666666666,0.0,0.0,-0.6666666666666666,0.25,0.75
Marine Wildlife,0.0,0.6666666666666666,0.5,0.0,0.0,0.0,0.0,0.0,0.75
Sea Life & Events,0.4,0.0,0.0,-1.0,0.25,-0.3333333333333333,0.0,0.0,0.25
Species Conservation,0.0,0.0,0.6,-0.5,1.0,-1.0,0.6666666666666666,0.0,-0.6666666666666666
Species Interactions,1.0,0.0,-1.0,1.0,1.0,1.0,0.6666666666666666,1.0,0.0
